id,genre
17743,5
17744,6
17745,2
17746,5
17747,1
17748,1
17749,6
17750,5
17751,2
17752,4
17753,3
17754,3
17755,0
17756,2
17757,1
17758,5
17759,3
17760,6
17761,6
17762,1
17763,0
17764,5
17765,2
17766,4
17767,6
17768,6
17769,5
17770,1
17771,5
17772,2
17773,3
17774,1
17775,2
17776,4
17777,4
17778,1
17779,3
17780,3
17781,4
17782,0
17783,4
17784,4
17785,2
17786,0
17787,2
17788,4
17789,2
17790,6
17791,1
17792,2
17793,1
17794,2
17795,6
17796,1
17797,0
17798,1
17799,2
17800,3
17801,1
17802,2
17803,3
17804,5
17805,3
17806,2
17807,6
17808,5
17809,6
17810,0
17811,6
17812,0
17813,6
17814,6
17815,0
17816,3
17817,2
17818,3
17819,5
17820,0
17821,1
17822,5
17823,3
17824,0
17825,0
17826,6
17827,0
17828,4
17829,1
17830,3
17831,5
17832,0
17833,3
17834,2
17835,6
17836,0
17837,4
17838,3
17839,0
17840,6
17841,5
17842,5
17843,5
17844,5
17845,5
17846,1
17847,1
17848,2
17849,5
17850,0
17851,2
17852,6
17853,1
17854,4
17855,1
17856,3
17857,1
17858,6
17859,2
17860,0
17861,4
17862,5
17863,6
17864,1
17865,4
17866,1
17867,1
17868,5
17869,4
17870,0
17871,0
17872,3
17873,2
17874,5
17875,4
17876,1
17877,6
17878,4
17879,0
17880,4
17881,6
17882,4
17883,2
17884,2
17885,4
17886,5
17887,4
17888,2
17889,1
17890,6
17891,2
17892,5
17893,2
17894,0
17895,6
17896,1
17897,3
17898,4
17899,6
17900,3
17901,5
17902,6
17903,4
17904,3
17905,6
17906,1
17907,4
17908,0
17909,0
17910,6
17911,2
17912,2
17913,0
17914,2
17915,1
17916,5
17917,3
17918,0
17919,3
17920,6
17921,0
17922,2
17923,3
17924,5
17925,5
17926,2
17927,1
17928,2
17929,5
17930,6
17931,3
17932,2
17933,6
17934,1
17935,5
17936,1
17937,1
17938,4
17939,6
17940,5
17941,1
17942,2
17943,6
17944,1
17945,0
17946,6
17947,5
17948,4
17949,5
17950,6
17951,6
17952,0
17953,4
17954,6
17955,0
17956,4
17957,4
17958,1
17959,1
17960,4
17961,6
17962,4
17963,0
17964,4
17965,2
17966,1
17967,4
17968,2
17969,4
17970,3
17971,5
17972,0
17973,1
17974,2
17975,1
17976,3
17977,0
17978,0
17979,0
17980,2
17981,2
17982,0
17983,2
17984,1
17985,2
17986,5
17987,3
17988,6
17989,1
17990,1
17991,3
17992,2
17993,1
17994,1
17995,2
17996,4
17997,2
17998,4
17999,0
18000,3
18001,6
18002,1
18003,5
18004,6
18005,1
18006,6
18007,2
18008,0
18009,3
18010,0
18011,3
18012,0
18013,3
18014,3
18015,5
18016,0
18017,4
18018,0
18019,3
18020,5
18021,0
18022,0
18023,1
18024,4
18025,5
18026,0
18027,4
18028,6
18029,4
18030,5
18031,1
18032,5
18033,0
18034,2
18035,6
18036,2
18037,2
18038,2
18039,1
18040,1
18041,1
18042,4
18043,2
18044,5
18045,2
18046,2
18047,4
18048,2
18049,6
18050,0
18051,4
18052,6
18053,1
18054,3
18055,0
18056,6
18057,4
18058,1
18059,6
18060,3
18061,1
18062,6
18063,2
18064,0
18065,2
18066,5
18067,1
18068,0
18069,5
18070,0
18071,5
18072,2
18073,0
18074,2
18075,2
18076,3
18077,4
18078,2
18079,1
18080,3
18081,1
18082,2
18083,2
18084,3
18085,0
18086,1
18087,4
18088,5
18089,2
18090,5
18091,6
18092,1
18093,3
18094,2
18095,2
18096,5
18097,5
18098,4
18099,2
18100,5
18101,6
18102,3
18103,3
18104,1
18105,3
18106,3
18107,5
18108,6
18109,2
18110,6
18111,0
18112,5
18113,4
18114,1
18115,0
18116,4
18117,3
18118,1
18119,3
18120,3
18121,2
18122,3
18123,5
18124,1
18125,3
18126,6
18127,2
18128,0
18129,3
18130,3
18131,3
18132,2
18133,0
18134,5
18135,5
18136,6
18137,3
18138,2
18139,3
18140,3
18141,5
18142,6
18143,3
18144,1
18145,6
18146,6
18147,5
18148,5
18149,6
18150,4
18151,6
18152,5
18153,2
18154,6
18155,4
18156,2
18157,0
18158,2
18159,6
18160,6
18161,2
18162,3
18163,6
18164,1
18165,5
18166,6
18167,5
18168,5
18169,4
18170,4
18171,5
18172,2
18173,4
18174,3
18175,5
18176,4
18177,2
18178,4
18179,0
18180,0
18181,6
18182,6
18183,4
18184,3
18185,5
18186,6
18187,4
18188,5
18189,2
18190,6
18191,3
18192,2
18193,1
18194,6
18195,1
18196,1
18197,4
18198,4
18199,4
18200,5
18201,2
18202,3
18203,4
18204,5
18205,4
18206,5
18207,5
18208,1
18209,0
18210,3
18211,1
18212,3
18213,3
18214,4
18215,0
18216,2
18217,4
18218,3
18219,3
18220,2
18221,3
18222,3
18223,5
18224,6
18225,2
18226,6
18227,2
18228,2
18229,2
18230,2
18231,5
18232,6
18233,1
18234,4
18235,2
18236,4
18237,1
18238,0
18239,3
18240,0
18241,3
18242,4
18243,6
18244,4
18245,1
18246,2
18247,5
18248,3
18249,1
18250,3
18251,3
18252,3
18253,0
18254,3
18255,1
18256,5
18257,3
18258,6
18259,0
18260,1
18261,1
18262,1
18263,2
18264,2
18265,4
18266,4
18267,2
18268,0
18269,4
18270,3
18271,2
18272,3
18273,3
18274,1
18275,6
18276,4
18277,3
18278,6
18279,3
18280,2
18281,6
18282,2
18283,1
18284,0
18285,1
18286,1
18287,6
18288,6
18289,2
18290,5
18291,2
18292,2
18293,2
18294,3
18295,1
18296,6
18297,0
18298,0
18299,1
18300,5
18301,0
18302,3
18303,4
18304,3
18305,1
18306,6
18307,5
18308,3
18309,6
18310,5
18311,4
18312,6
18313,5
18314,2
18315,3
18316,3
18317,0
18318,0
18319,2
18320,6
18321,2
18322,6
18323,6
18324,4
18325,5
18326,5
18327,3
18328,0
18329,6
18330,4
18331,5
18332,0
18333,2
18334,3
18335,3
18336,1
18337,5
18338,6
18339,0
18340,3
18341,4
18342,4
18343,3
18344,4
18345,1
18346,3
18347,1
18348,3
18349,2
18350,6
18351,4
18352,6
18353,0
18354,5
18355,6
18356,2
18357,4
18358,5
18359,1
18360,6
18361,0
18362,5
18363,2
18364,4
18365,6
18366,1
18367,4
18368,3
18369,0
18370,1
18371,1
18372,5
18373,4
18374,6
18375,1
18376,0
18377,6
18378,1
18379,1
18380,2
18381,2
18382,4
18383,1
18384,2
18385,3
18386,0
18387,2
18388,5
18389,6
18390,1
18391,2
18392,5
18393,2
18394,0
18395,0
18396,6
18397,3
18398,0
18399,4
18400,4
18401,3
18402,6
18403,6
18404,1
18405,6
18406,6
18407,3
18408,6
18409,6
18410,0
18411,5
18412,2
18413,0
18414,6
18415,6
18416,4
18417,5
18418,6
18419,1
18420,0
18421,3
18422,6
18423,6
18424,4
18425,2
18426,6
18427,3
18428,4
18429,5
18430,5
18431,1
18432,5
18433,4
18434,6
18435,2
18436,2
18437,2
18438,2
18439,0
18440,0
18441,6
18442,1
18443,3
18444,4
18445,3
18446,4
18447,1
18448,2
18449,3
18450,0
18451,4
18452,5
18453,6
18454,2
18455,4
18456,4
18457,2
18458,1
18459,4
18460,0
18461,1
18462,0
18463,1
18464,3
18465,3
18466,1
18467,3
18468,6
18469,2
18470,2
18471,0
18472,5
18473,4
18474,6
18475,5
18476,4
18477,4
18478,2
18479,0
18480,1
18481,4
18482,4
18483,5
18484,1
18485,0
18486,5
18487,0
18488,3
18489,5
18490,6
18491,5
18492,1
18493,4
18494,6
18495,0
18496,1
18497,6
18498,3
18499,3
18500,0
18501,3
18502,3
18503,4
18504,3
18505,0
18506,3
18507,0
18508,0
18509,5
18510,1
18511,5
18512,1
18513,1
18514,1
18515,4
18516,4
18517,5
18518,4
18519,2
18520,4
18521,2
18522,2
18523,1
18524,3
18525,4
18526,6
18527,3
18528,3
18529,0
18530,3
18531,3
18532,5
18533,5
18534,3
18535,2
18536,0
18537,5
18538,3
18539,5
18540,6
18541,3
18542,5
18543,1
18544,0
18545,2
18546,6
18547,5
18548,2
18549,5
18550,2
18551,1
18552,2
18553,3
18554,1
18555,0
18556,3
18557,5
18558,0
18559,1
18560,4
18561,4
18562,6
18563,3
18564,5
18565,2
18566,4
18567,0
18568,2
18569,1
18570,2
18571,4
18572,4
18573,5
18574,5
18575,3
18576,2
18577,5
18578,2
18579,6
18580,5
18581,1
18582,0
18583,0
18584,2
18585,4
18586,6
18587,3
18588,0
18589,6
18590,1
18591,6
18592,5
18593,1
18594,1
18595,1
18596,0
18597,0
18598,4
18599,5
18600,2
18601,1
18602,1
18603,0
18604,4
18605,0
18606,4
18607,0
18608,0
18609,0
18610,3
18611,3
18612,2
18613,2
18614,2
18615,0
18616,4
18617,4
18618,4
18619,6
18620,1
18621,5
18622,5
18623,2
18624,6
18625,1
18626,3
18627,4
18628,1
18629,2
18630,0
18631,4
18632,2
18633,3
18634,3
18635,2
18636,0
18637,4
18638,5
18639,2
18640,6
18641,2
18642,0
18643,1
18644,0
18645,5
18646,5
18647,6
18648,2
18649,6
18650,3
18651,4
18652,2
18653,0
18654,2
18655,3
18656,5
18657,0
18658,5
18659,4
18660,2
18661,6
18662,2
18663,6
18664,5
18665,6
18666,4
18667,3
18668,0
18669,5
18670,4
18671,3
18672,1
18673,6
18674,2
18675,3
18676,0
18677,4
18678,3
18679,5
18680,3
18681,6
18682,2
18683,6
18684,6
18685,6
18686,4
18687,5
18688,2
18689,4
18690,5
18691,6
18692,0
18693,2
18694,5
18695,5
18696,5
18697,1
18698,1
18699,4
18700,0
18701,4
18702,0
18703,4
18704,4
18705,4
18706,5
18707,0
18708,5
18709,0
18710,3
18711,5
18712,0
18713,6
18714,2
18715,6
18716,2
18717,0
18718,3
18719,6
18720,6
18721,5
18722,1
18723,4
18724,0
18725,1
18726,1
18727,1
18728,4
18729,6
18730,0
18731,3
18732,6
18733,6
18734,2
18735,4
18736,0
18737,5
18738,6
18739,1
18740,4
18741,2
18742,0
18743,0
18744,6
18745,4
18746,4
18747,6
18748,5
18749,2
18750,1
18751,4
18752,0
18753,3
18754,4
18755,6
18756,5
18757,4
18758,5
18759,6
18760,6
18761,3
18762,0
18763,6
18764,2
18765,1
18766,5
18767,5
18768,6
18769,6
18770,0
18771,5
18772,2
18773,0
18774,6
18775,3
18776,3
18777,5
18778,6
18779,2
18780,2
18781,3
18782,5
18783,5
18784,2
18785,6
18786,1
18787,0
18788,6
18789,2
18790,2
18791,6
18792,4
18793,4
18794,1
18795,5
18796,1
18797,0
18798,2
18799,1
18800,2
18801,2
18802,5
18803,1
18804,4
18805,6
18806,6
18807,1
18808,6
18809,6
18810,3
18811,3
18812,3
18813,1
18814,4
18815,6
18816,4
18817,6
18818,5
18819,4
18820,0
18821,3
18822,5
18823,4
18824,4
18825,0
18826,1
18827,3
18828,1
18829,2
18830,4
18831,4
18832,0
18833,5
18834,2
18835,6
18836,5
18837,0
18838,3
18839,2
18840,4
18841,0
18842,2
18843,4
18844,4
18845,4
18846,1
18847,6
18848,6
18849,0
18850,3
18851,5
18852,6
18853,1
18854,1
18855,1
18856,0
18857,4
18858,0
18859,4
18860,5
18861,1
18862,2
18863,1
18864,4
18865,0
18866,1
18867,5
18868,5
18869,1
18870,0
18871,2
18872,4
18873,3
18874,0
18875,3
18876,1
18877,0
18878,0
18879,3
18880,2
18881,0
18882,5
18883,6
18884,2
18885,1
18886,4
18887,6
18888,0
18889,6
18890,2
18891,2
18892,3
18893,5
18894,5
18895,4
18896,1
18897,0
18898,5
18899,3
18900,2
18901,1
18902,3
18903,5
18904,3
18905,2
18906,4
18907,3
18908,3
18909,4
18910,3
18911,3
18912,1
18913,1
18914,2
18915,5
18916,5
18917,6
18918,6
18919,5
18920,2
18921,4
18922,6
18923,0
18924,2
18925,6
18926,0
18927,6
18928,6
18929,6
18930,6
18931,2
18932,6
18933,5
18934,6
18935,4
18936,4
18937,6
18938,5
18939,5
18940,0
18941,4
18942,4
18943,5
18944,3
18945,0
18946,6
18947,4
18948,3
18949,1
18950,2
18951,0
18952,1
18953,6
18954,6
18955,6
18956,5
18957,6
18958,3
18959,3
18960,0
18961,3
18962,2
18963,5
18964,5
18965,6
18966,3
18967,0
18968,3
18969,2
18970,1
18971,5
18972,6
18973,6
18974,3
18975,0
18976,3
18977,4
18978,5
18979,3
18980,4
18981,4
18982,6
18983,2
18984,5
18985,1
18986,5
18987,0
18988,6
18989,0
18990,3
18991,2
18992,4
18993,5
18994,2
18995,4
18996,1
18997,5
18998,5
18999,1
19000,4
19001,4
19002,2
19003,6
19004,5
19005,2
19006,0
19007,6
19008,3
19009,0
19010,2
19011,6
19012,6
19013,2
19014,6
19015,6
19016,3
19017,3
19018,4
19019,1
19020,2
19021,3
19022,1
19023,0
19024,4
19025,0
19026,2
19027,5
19028,1
19029,6
19030,5
19031,0
19032,6
19033,4
19034,4
19035,0
19036,6
19037,3
19038,6
19039,3
19040,0
19041,0
19042,3
19043,6
19044,0
19045,3
19046,2
19047,2
19048,5
19049,4
19050,6
19051,6
19052,6
19053,5
19054,1
19055,6
19056,5
19057,2
19058,2
19059,5
19060,2
19061,3
19062,6
19063,6
19064,2
19065,1
19066,1
19067,2
19068,4
19069,3
19070,0
19071,0
19072,5
19073,3
19074,1
19075,5
19076,5
19077,6
19078,3
19079,2
19080,6
19081,6
19082,6
19083,5
19084,0
19085,1
19086,1
19087,5
19088,0
19089,3
19090,4
19091,6
19092,0
19093,3
19094,1
19095,5
19096,0
19097,2
19098,2
19099,0
19100,5
19101,0
19102,0
19103,1
19104,0
19105,0
19106,1
19107,5
19108,0
19109,1
19110,6
19111,4
19112,5
19113,6
19114,4
19115,0
19116,0
19117,3
19118,6
19119,0
19120,4
19121,5
19122,1
19123,0
19124,1
19125,2
19126,0
19127,1
19128,0
19129,3
19130,6
19131,1
19132,5
19133,2
19134,4
19135,5
19136,0
19137,2
19138,3
19139,6
19140,2
19141,6
19142,5
19143,4
19144,1
19145,3
19146,6
19147,3
19148,5
19149,5
19150,0
19151,2
19152,4
19153,0
19154,2
19155,2
19156,4
19157,5
19158,0
19159,2
19160,1
19161,1
19162,0
19163,5
19164,0
19165,6
19166,5
19167,0
19168,1
19169,0
19170,0
19171,6
19172,4
19173,3
19174,5
19175,6
19176,2
19177,5
19178,1
19179,5
19180,5
19181,1
19182,1
19183,3
19184,3
19185,1
19186,2
19187,5
19188,6
19189,1
19190,0
19191,3
19192,2
19193,3
19194,2
19195,6
19196,6
19197,1
19198,5
19199,1
19200,5
19201,4
19202,4
19203,6
19204,5
19205,3
19206,5
19207,2
19208,3
19209,4
19210,0
19211,5
19212,0
19213,3
19214,0
19215,0
19216,4
19217,3
19218,2
19219,6
19220,1
19221,0
19222,3
19223,1
19224,0
19225,2
19226,1
19227,0
19228,4
19229,6
19230,4
19231,2
19232,0
19233,6
19234,2
19235,4
19236,2
19237,0
19238,5
19239,2
19240,2
19241,4
19242,2
19243,2
19244,2
19245,6
19246,4
19247,3
19248,0
19249,3
19250,1
19251,2
19252,4
19253,2
19254,3
19255,2
19256,3
19257,0
19258,0
19259,5
19260,0
19261,3
19262,0
19263,0
19264,0
19265,2
19266,3
19267,5
19268,3
19269,3
19270,2
19271,2
19272,0
19273,6
19274,2
19275,2
19276,5
19277,0
19278,4
19279,1
19280,1
19281,4
19282,0
19283,5
19284,3
19285,3
19286,4
19287,4
19288,4
19289,6
19290,0
19291,2
19292,4
19293,2
19294,4
19295,1
19296,2
19297,2
19298,5
19299,1
19300,3
19301,2
19302,0
19303,2
19304,0
19305,1
19306,2
19307,4
19308,6
19309,0
19310,2
19311,0
19312,3
19313,0
19314,1
19315,0
19316,5
19317,4
19318,0
19319,3
19320,0
19321,4
19322,6
19323,4
19324,5
19325,1
19326,4
19327,5
19328,6
19329,4
19330,3
19331,4
19332,0
19333,2
19334,4
19335,5
19336,3
19337,3
19338,3
19339,1
19340,3
19341,1
19342,6
19343,3
19344,6
19345,1
19346,2
19347,1
19348,0
19349,3
19350,3
19351,2
19352,2
19353,6
19354,5
19355,5
19356,4
19357,1
19358,1
19359,0
19360,6
19361,5
19362,4
19363,1
19364,5
19365,4
19366,5
19367,2
19368,0
19369,3
19370,2
19371,6
19372,0
19373,2
19374,0
19375,3
19376,2
19377,6
19378,1
19379,1
19380,4
19381,4
19382,1
19383,4
19384,0
19385,3
19386,2
19387,5
19388,1
19389,5
19390,4
19391,3
19392,0
19393,6
19394,4
19395,1
19396,4
19397,0
19398,3
19399,1
19400,2
19401,3
19402,1
19403,3
19404,3
19405,0
19406,6
19407,5
19408,1
19409,6
19410,4
19411,2
19412,5
19413,5
19414,6
19415,4
19416,3
19417,4
19418,1
19419,5
19420,1
19421,5
19422,6
19423,4
19424,6
19425,2
19426,2
19427,0
19428,6
19429,3
19430,6
19431,1
19432,1
19433,1
19434,3
19435,0
19436,1
19437,4
19438,6
19439,3
19440,0
19441,3
19442,3
19443,6
19444,5
19445,6
19446,0
19447,6
19448,0
19449,0
19450,2
19451,0
19452,2
19453,3
19454,2
19455,0
19456,1
19457,1
19458,1
19459,3
19460,6
19461,2
19462,5
19463,6
19464,3
19465,1
19466,2
19467,4
19468,4
19469,4
19470,4
19471,1
19472,2
19473,6
19474,1
19475,3
19476,0
19477,0
19478,5
19479,1
19480,5
19481,6
19482,4
19483,6
19484,2
19485,4
19486,1
19487,4
19488,3
19489,3
19490,2
19491,3
19492,0
19493,6
19494,1
19495,4
19496,2
19497,2
19498,3
19499,0
19500,1
19501,2
19502,5
19503,2
19504,3
19505,2
19506,4
19507,5
19508,5
19509,0
19510,3
19511,4
19512,1
19513,1
19514,6
19515,4
19516,0
19517,4
19518,4
19519,3
19520,3
19521,5
19522,6
19523,1
19524,1
19525,0
19526,3
19527,3
19528,2
19529,3
19530,2
19531,3
19532,6
19533,2
19534,2
19535,3
19536,5
19537,4
19538,1
19539,1
19540,0
19541,2
19542,4
19543,2
19544,2
19545,1
19546,2
19547,4
19548,6
19549,3
19550,5
19551,2
19552,4
19553,5
19554,5
19555,2
19556,0
19557,1
19558,6
19559,5
19560,4
19561,1
19562,0
19563,3
19564,5
19565,6
19566,6
19567,6
19568,2
19569,0
19570,1
19571,5
19572,5
19573,3
19574,5
19575,2
19576,4
19577,5
19578,1
19579,0
19580,3
19581,4
19582,0
19583,0
19584,5
19585,6
19586,4
19587,5
19588,5
19589,3
19590,1
19591,3
19592,3
19593,4
19594,5
19595,5
19596,3
19597,0
19598,6
19599,5
19600,1
19601,0
19602,3
19603,3
19604,1
19605,4
19606,3
19607,6
19608,5
19609,0
19610,2
19611,4
19612,0
19613,4
19614,3
19615,6
19616,4
19617,6
19618,0
19619,1
19620,3
19621,3
19622,5
19623,5
19624,5
19625,0
19626,5
19627,6
19628,3
19629,0
19630,4
19631,2
19632,6
19633,3
19634,6
19635,2
19636,6
19637,5
19638,3
19639,3
19640,2
19641,2
19642,1
19643,5
19644,5
19645,4
19646,3
19647,1
19648,3
19649,6
19650,2
19651,0
19652,6
19653,6
19654,4
19655,5
19656,4
19657,6
19658,3
19659,0
19660,6
19661,6
19662,5
19663,4
19664,4
19665,0
19666,3
19667,4
19668,2
19669,0
19670,1
19671,3
19672,1
19673,2
19674,5
19675,6
19676,2
19677,2
19678,3
19679,2
19680,4
19681,1
19682,3
19683,6
19684,3
19685,6
19686,1
19687,4
19688,4
19689,1
19690,5
19691,6
19692,6
19693,6
19694,3
19695,2
19696,6
19697,2
19698,0
19699,1
19700,6
19701,4
19702,0
19703,6
19704,4
19705,2
19706,1
19707,2
19708,5
19709,5
19710,1
19711,4
19712,1
19713,0
19714,0
19715,5
19716,3
19717,0
19718,1
19719,2
19720,6
19721,6
19722,0
19723,1
19724,1
19725,2
19726,0
19727,2
19728,4
19729,2
19730,6
19731,1
19732,3
19733,4
19734,0
19735,6
19736,2
19737,6
19738,5
19739,2
19740,1
19741,6
19742,1
19743,3
19744,3
19745,3
19746,4
19747,6
19748,3
19749,3
19750,2
19751,1
19752,4
19753,6
19754,3
19755,4
19756,5
19757,3
19758,6
19759,0
19760,6
19761,3
19762,3
19763,3
19764,2
19765,1
19766,6
19767,1
19768,6
19769,2
19770,0
19771,0
19772,4
19773,0
19774,5
19775,1
19776,5
19777,1
19778,6
19779,1
19780,1
19781,2
19782,4
19783,6
19784,3
19785,3
19786,5
19787,1
19788,6
19789,2
19790,3
19791,1
19792,2
19793,1
19794,4
19795,2
19796,0
19797,0
19798,4
19799,0
19800,2
19801,3
19802,5
19803,1
19804,0
19805,3
19806,5
19807,5
19808,0
19809,4
19810,3
19811,3
19812,2
19813,0
19814,3
19815,6
19816,5
19817,0
19818,5
19819,1
19820,5
19821,0
19822,5
19823,2
19824,2
19825,4
19826,5
19827,5
19828,1
19829,2
19830,0
19831,5
19832,2
19833,1
19834,6
19835,0
19836,2
19837,1
19838,2
19839,1
19840,1
19841,3
19842,6
19843,4
19844,1
19845,0
19846,2
19847,5
19848,3
19849,4
19850,1
19851,3
19852,1
19853,6
19854,5
19855,2
19856,2
19857,2
19858,6
19859,1
19860,4
19861,1
19862,6
19863,5
19864,4
19865,6
19866,3
19867,0
19868,3
19869,0
19870,3
19871,4
19872,6
19873,6
19874,4
19875,1
19876,3
19877,1
19878,6
19879,3
19880,1
19881,6
19882,0
19883,3
19884,3
19885,4
19886,5
19887,0
19888,3
19889,2
19890,4
19891,6
19892,4
19893,0
19894,4
19895,1
19896,0
19897,6
19898,0
19899,0
19900,1
19901,1
19902,2
19903,0
19904,0
19905,4
19906,5
19907,0
19908,2
19909,1
19910,3
19911,4
19912,4
19913,5
19914,2
19915,2
19916,2
19917,3
19918,6
19919,6
19920,6
19921,5
19922,1
19923,3
19924,6
19925,6
19926,5
19927,6
19928,3
19929,5
19930,3
19931,5
19932,0
19933,3
19934,4
19935,6
19936,0
19937,6
19938,6
19939,4
19940,6
19941,5
19942,5
19943,3
19944,0
19945,0
19946,4
19947,4
19948,2
19949,5
19950,6
19951,0
19952,1
19953,4
19954,5
19955,5
19956,4
19957,1
19958,1
19959,6
19960,6
19961,5
19962,0
19963,4
19964,6
19965,2
19966,0
19967,2
19968,2
19969,2
19970,4
19971,5
19972,4
19973,6
19974,2
19975,6
19976,0
19977,1
19978,4
19979,4
19980,4
19981,6
19982,0
19983,4
19984,4
19985,0
19986,4
19987,6
19988,4
19989,3
19990,5
19991,2
19992,1
19993,4
19994,6
19995,0
19996,1
19997,1
19998,5
19999,0
20000,6
20001,4
20002,4
20003,1
20004,2
20005,2
20006,4
20007,0
20008,0
20009,2
20010,4
20011,6
20012,2
20013,2
20014,6
20015,0
20016,5
20017,0
20018,3
20019,5
20020,4
20021,6
20022,1
20023,0
20024,4
20025,1
20026,5
20027,2
20028,3
20029,1
20030,5
20031,3
20032,1
20033,1
20034,2
20035,5
20036,2
20037,1
20038,4
20039,5
20040,1
20041,2
20042,1
20043,3
20044,3
20045,1
20046,5
20047,4
20048,5
20049,4
20050,4
20051,1
20052,4
20053,0
20054,0
20055,5
20056,0
20057,6
20058,3
20059,6
20060,1
20061,5
20062,6
20063,6
20064,5
20065,2
20066,2
20067,1
20068,4
20069,2
20070,1
20071,4
20072,4
20073,1
20074,0
20075,6
20076,6
20077,4
20078,3
20079,4
20080,5
20081,2
20082,4
20083,0
20084,4
20085,5
20086,0
20087,0
20088,1
20089,6
20090,5
20091,5
20092,4
20093,5
20094,0
20095,1
20096,0
20097,5
20098,6
20099,4
20100,4
20101,5
20102,0
20103,2
20104,3
20105,4
20106,1
20107,6
20108,6
20109,5
20110,5
20111,2
20112,4
20113,6
20114,1
20115,6
20116,4
20117,0
20118,5
20119,0
20120,1
20121,5
20122,6
20123,0
20124,2
20125,2
20126,2
20127,3
20128,2
20129,1
20130,2
20131,6
20132,5
20133,0
20134,3
20135,1
20136,4
20137,5
20138,5
20139,1
20140,1
20141,2
20142,2
20143,3
20144,2
20145,2
20146,4
20147,2
20148,0
20149,5
20150,0
20151,4
20152,6
20153,5
20154,1
20155,5
20156,4
20157,4
20158,6
20159,6
20160,2
20161,3
20162,1
20163,5
20164,0
20165,5
20166,2
20167,2
20168,6
20169,5
20170,0
20171,4
20172,2
20173,1
20174,4
20175,6
20176,4
20177,4
20178,4
20179,4
20180,0
20181,3
20182,4
20183,4
20184,2
20185,4
20186,0
20187,6
20188,4
20189,4
20190,3
20191,5
20192,0
20193,2
20194,3
20195,4
20196,2
20197,3
20198,5
20199,0
20200,2
20201,2
20202,6
20203,2
20204,5
20205,2
20206,3
20207,5
20208,1
20209,2
20210,2
20211,6
20212,6
20213,3
20214,2
20215,2
20216,4
20217,0
20218,4
20219,1
20220,4
20221,0
20222,5
20223,0
20224,4
20225,5
20226,2
20227,2
20228,3
20229,1
20230,2
20231,3
20232,1
20233,0
20234,0
20235,6
20236,1
20237,5
20238,0
20239,3
20240,0
20241,3
20242,4
20243,2
20244,5
20245,5
20246,2
20247,4
20248,2
20249,4
20250,4
20251,5
20252,5
20253,4
20254,3
20255,5
20256,3
20257,4
20258,2
20259,2
20260,4
20261,2
20262,4
20263,0
20264,1
20265,1
20266,1
20267,4
20268,0
20269,6
20270,1
20271,0
20272,0
20273,2
20274,4
20275,3
20276,2
20277,6
20278,0
20279,3
20280,0
20281,3
20282,2
20283,0
20284,0
20285,2
20286,2
20287,2
20288,1
20289,4
20290,3
20291,1
20292,6
20293,0
20294,6
20295,6
20296,0
20297,6
20298,1
20299,1
20300,3
20301,4
20302,6
20303,3
20304,4
20305,4
20306,1
20307,5
20308,3
20309,1
20310,1
20311,2
20312,0
20313,6
20314,2
20315,3
20316,0
20317,4
20318,1
20319,3
20320,0
20321,4
20322,3
20323,5
20324,6
20325,4
20326,5
20327,4
20328,4
20329,0
20330,5
20331,3
20332,6
20333,4
20334,3
20335,3
20336,2
20337,5
20338,2
20339,6
20340,2
20341,0
20342,0
20343,4
20344,1
20345,2
20346,1
20347,0
20348,1
20349,1
20350,3
20351,1
20352,2
20353,4
20354,6
20355,2
20356,1
20357,2
20358,0
20359,3
20360,6
20361,4
20362,3
20363,4
20364,2
20365,3
20366,0
20367,3
20368,2
20369,6
20370,1
20371,3
20372,4
20373,6
20374,1
20375,4
20376,3
20377,3
20378,2
20379,2
20380,3
20381,1
20382,4
20383,0
20384,5
20385,2
20386,0
20387,6
20388,3
20389,1
20390,5
20391,4
20392,2
20393,3
20394,1
20395,3
20396,5
20397,6
20398,0
20399,5
20400,3
20401,3
20402,0
20403,6
20404,4
20405,4
20406,0
20407,4
20408,5
20409,6
20410,2
20411,6
20412,2
20413,3
20414,2
20415,5
20416,3
20417,2
20418,0
20419,0
20420,0
20421,3
20422,3
20423,5
20424,4
20425,3
20426,6
20427,1
20428,0
20429,1
20430,2
20431,6
20432,3
20433,3
20434,6
20435,0
20436,4
20437,4
20438,6
20439,4
20440,3
20441,5
20442,1
20443,3
20444,6
20445,6
20446,6
20447,5
20448,4
20449,6
20450,3
20451,4
20452,4
20453,0
20454,0
20455,6
20456,4
20457,0
20458,3
20459,4
20460,3
20461,0
20462,5
20463,1
20464,6
20465,4
20466,5
20467,0
20468,6
20469,1
20470,2
20471,4
20472,1
20473,5
20474,5
20475,6
20476,5
20477,3
20478,5
20479,1
20480,2
20481,0
20482,2
20483,0
20484,4
20485,4
20486,2
20487,4
20488,0
20489,6
20490,5
20491,5
20492,2
20493,3
20494,6
20495,4
20496,3
20497,4
20498,5
20499,3
20500,6
20501,5
20502,6
20503,3
20504,6
20505,0
20506,1
20507,5
20508,4
20509,2
20510,1
20511,6
20512,1
20513,2
20514,5
20515,4
20516,1
20517,2
20518,4
20519,5
20520,3
20521,1
20522,3
20523,1
20524,4
20525,3
20526,4
20527,2
20528,5
20529,6
20530,4
20531,0
20532,3
20533,5
20534,1
20535,2
20536,1
20537,6
20538,0
20539,4
20540,5
20541,4
20542,1
20543,4
20544,2
20545,6
20546,6
20547,0
20548,0
20549,0
20550,3
20551,1
20552,3
20553,0
20554,2
20555,2
20556,1
20557,0
20558,3
20559,4
20560,6
20561,1
20562,2
20563,1
20564,4
20565,4
20566,3
20567,6
20568,0
20569,1
20570,5
20571,2
20572,5
20573,3
20574,1
20575,5
20576,0
20577,6
20578,2
20579,1
20580,5
20581,6
20582,5
20583,0
20584,0
20585,1
20586,5
20587,4
20588,2
20589,1
20590,1
20591,3
20592,6
20593,0
20594,2
20595,6
20596,5
20597,4
20598,2
20599,6
20600,3
20601,6
20602,3
20603,1
20604,2
20605,0
20606,4
20607,2
20608,1
20609,4
20610,1
20611,5
20612,1
20613,2
20614,2
20615,6
20616,2
20617,5
20618,2
20619,3
20620,1
20621,0
20622,0
20623,4
20624,6
20625,1
20626,4
20627,2
20628,2
20629,1
20630,1
20631,5
20632,5
20633,4
20634,0
20635,1
20636,3
20637,2
20638,5
20639,0
20640,5
20641,5
20642,5
20643,1
20644,5
20645,0
20646,3
20647,0
20648,1
20649,5
20650,2
20651,5
20652,5
20653,2
20654,0
20655,3
20656,2
20657,2
20658,3
20659,3
20660,6
20661,4
20662,5
20663,2
20664,4
20665,5
20666,4
20667,0
20668,2
20669,4
20670,0
20671,5
20672,4
20673,5
20674,5
20675,3
20676,0
20677,5
20678,2
20679,4
20680,3
20681,3
20682,2
20683,5
20684,6
20685,4
20686,2
20687,3
20688,0
20689,0
20690,1
20691,1
20692,3
20693,4
20694,2
20695,2
20696,5
20697,3
20698,6
20699,3
20700,0
20701,4
20702,1
20703,2
20704,0
20705,6
20706,1
20707,5
20708,6
20709,3
20710,2
20711,1
20712,2
20713,2
20714,2
20715,3
20716,0
20717,0
20718,2
20719,4
20720,5
20721,3
20722,3
20723,4
20724,0
20725,4
20726,0
20727,0
20728,5
20729,0
20730,3
20731,3
20732,6
20733,2
20734,2
20735,1
20736,4
20737,2
20738,5
20739,0
20740,4
20741,1
20742,5
20743,1
20744,0
20745,2
20746,4
20747,5
20748,1
20749,4
20750,1
20751,2
20752,4
20753,0
20754,0
20755,3
20756,5
20757,5
20758,0
20759,2
20760,3
20761,1
20762,1
20763,3
20764,5
20765,1
20766,4
20767,3
20768,0
20769,5
20770,5
20771,3
20772,5
20773,2
20774,1
20775,1
20776,4
20777,6
20778,1
20779,4
20780,5
20781,0
20782,5
20783,0
20784,5
20785,5
20786,5
20787,3
20788,0
20789,0
20790,1
20791,4
20792,1
20793,4
20794,6
20795,6
20796,6
20797,0
20798,5
20799,5
20800,1
20801,5
20802,0
20803,5
20804,1
20805,4
20806,2
20807,1
20808,2
20809,6
20810,2
20811,6
20812,5
20813,3
20814,5
20815,3
20816,2
20817,2
20818,6
20819,1
20820,4
20821,4
20822,6
20823,0
20824,1
20825,0
20826,6
20827,5
20828,3
20829,4
20830,5
20831,3
20832,4
20833,2
20834,0
20835,2
20836,1
20837,6
20838,4
20839,5
20840,6
20841,2
20842,1
20843,5
20844,1
20845,3
20846,6
20847,3
20848,3
20849,6
20850,6
20851,5
20852,4
20853,0
20854,2
20855,2
20856,5
20857,6
20858,5
20859,5
20860,0
20861,0
20862,1
20863,3
20864,2
20865,3
20866,4
20867,6
20868,6
20869,3
20870,1
20871,4
20872,2
20873,3
20874,5
20875,0
20876,3
20877,4
20878,0
20879,5
20880,4
20881,2
20882,1
20883,4
20884,3
20885,1
20886,6
20887,1
20888,1
20889,1
20890,3
20891,2
20892,1
20893,2
20894,1
20895,3
20896,0
20897,4
20898,2
20899,2
20900,4
20901,0
20902,0
20903,4
20904,0
20905,4
20906,1
20907,5
20908,5
20909,4
20910,4
20911,2
20912,0
20913,2
20914,5
20915,1
20916,6
20917,3
20918,6
20919,4
20920,2
20921,3
20922,3
20923,2
20924,0
20925,3
20926,2
20927,3
20928,1
20929,5
20930,5
20931,5
20932,5
20933,2
20934,3
20935,1
20936,4
20937,5
20938,0
20939,0
20940,0
20941,3
20942,2
20943,4
20944,3
20945,0
20946,0
20947,1
20948,6
20949,2
20950,1
20951,0
20952,0
20953,6
20954,3
20955,0
20956,0
20957,1
20958,0
20959,0
20960,1
20961,4
20962,5
20963,5
20964,6
20965,2
20966,4
20967,4
20968,2
20969,5
20970,3
20971,4
20972,5
20973,2
20974,1
20975,0
20976,0
20977,4
20978,5
20979,3
20980,4
20981,4
20982,0
20983,2
20984,0
20985,5
20986,4
20987,2
20988,6
20989,3
20990,4
20991,6
20992,4
20993,3
20994,3
20995,6
20996,2
20997,3
20998,3
20999,6
21000,0
21001,2
21002,2
21003,4
21004,2
21005,3
21006,4
21007,0
21008,0
21009,3
21010,5
21011,3
21012,4
21013,6
21014,3
21015,0
21016,6
21017,5
21018,2
21019,6
21020,4
21021,6
21022,4
21023,4
21024,4
21025,3
21026,3
21027,4
21028,3
21029,4
21030,6
21031,4
21032,3
21033,5
21034,6
21035,6
21036,6
21037,5
21038,2
21039,3
21040,2
21041,4
21042,6
21043,0
21044,2
21045,4
21046,0
21047,1
21048,3
21049,0
21050,1
21051,2
21052,4
21053,1
21054,3
21055,1
21056,4
21057,6
21058,6
21059,0
21060,4
21061,0
21062,0
21063,5
21064,0
21065,3
21066,5
21067,5
21068,0
21069,0
21070,1
21071,3
21072,4
21073,4
21074,1
21075,6
21076,5
21077,0
21078,4
21079,0
21080,2
21081,0
21082,6
21083,0
21084,3
21085,6
21086,4
21087,3
21088,1
21089,5
21090,4
21091,1
21092,0
21093,2
21094,6
21095,4
21096,4
21097,6
21098,3
21099,6
21100,1
21101,5
21102,0
21103,5
21104,1
21105,1
21106,6
21107,2
21108,4
21109,5
21110,4
21111,6
21112,0
21113,1
21114,4
21115,2
21116,1
21117,0
21118,6
21119,0
21120,4
21121,1
21122,3
21123,0
21124,4
21125,4
21126,1
21127,6
21128,6
21129,0
21130,4
21131,4
21132,5
21133,0
21134,2
21135,5
21136,6
21137,5
21138,4
21139,0
21140,5
21141,4
21142,6
21143,4
21144,2
21145,2
21146,2
21147,1
21148,2
21149,4
21150,6
21151,3
21152,2
21153,1
21154,0
21155,1
21156,6
21157,6
21158,3
21159,6
21160,5
21161,0
21162,4
21163,3
21164,3
21165,2
21166,3
21167,5
21168,4
21169,0
21170,5
21171,5
21172,1
21173,1
21174,0
21175,2
21176,2
21177,2
21178,0
21179,3
21180,5
21181,3
21182,0
21183,6
21184,5
21185,4
21186,2
21187,4
21188,6
21189,5
21190,2
21191,0
21192,4
21193,4
21194,6
21195,1
21196,6
21197,3
21198,4
21199,5
21200,6
21201,3
21202,4
21203,0
21204,3
21205,4
21206,2
21207,2
21208,1
21209,4
21210,2
21211,0
21212,5
21213,5
21214,0
21215,6
21216,5
21217,6
21218,4
21219,4
21220,0
21221,6
21222,1
21223,5
21224,4
21225,6
21226,0
21227,3
21228,4
21229,5
21230,4
21231,5
21232,1
21233,5
21234,1
21235,4
21236,4
21237,4
21238,2
21239,2
21240,5
21241,3
21242,2
21243,6
21244,1
21245,0
21246,0
21247,4
21248,3
21249,4
21250,0
21251,6
21252,5
21253,6
21254,1
21255,0
21256,2
21257,3
21258,2
21259,4
21260,1
21261,0
21262,0
21263,3
21264,4
21265,4
21266,6
21267,2
21268,5
21269,6
21270,5
21271,5
21272,4
21273,1
21274,3
21275,0
21276,5
21277,0
21278,4
21279,3
21280,5
21281,6
21282,0
21283,0
21284,5
21285,6
21286,4
21287,6
21288,6
21289,3
21290,4
21291,5
21292,3
21293,4
21294,5
21295,4
21296,5
21297,5
21298,0
21299,2
21300,1
21301,1
21302,6
21303,0
21304,4
21305,1
21306,4
21307,6
21308,4
21309,2
21310,2
21311,6
21312,4
21313,2
21314,4
21315,5
21316,3
21317,0
21318,3
21319,3
21320,3
21321,0
21322,0
21323,6
21324,1
21325,4
21326,3
21327,1
21328,3
21329,5
21330,3
21331,4
21332,5
21333,5
21334,2
21335,6
21336,1
21337,2
21338,3
21339,0
21340,0
21341,6
21342,3
21343,4
21344,1
21345,5
21346,6
21347,0
21348,5
21349,0
21350,3
21351,6
21352,0
21353,3
21354,4
21355,4
21356,2
21357,5
21358,5
21359,4
21360,4
21361,6
21362,0
21363,1
21364,0
21365,2
21366,6
21367,5
21368,6
21369,0
21370,0
21371,5
21372,3
21373,4
21374,1
21375,5
21376,1
21377,0
21378,6
21379,0
21380,3
21381,0
21382,4
21383,0
21384,3
21385,5
21386,3
21387,1
21388,2
21389,4
21390,4
21391,3
21392,5
21393,5
21394,3
21395,5
21396,6
21397,6
21398,6
21399,1
21400,4
21401,3
21402,6
21403,4
21404,6
21405,3
21406,2
21407,5
21408,0
21409,0
21410,2
21411,3
21412,1
21413,5
21414,3
21415,2
21416,6
21417,5
21418,5
21419,2
21420,2
21421,0
21422,4
21423,3
21424,2
21425,3
21426,0
21427,6
21428,1
21429,3
21430,2
21431,3
21432,2
21433,1
21434,0
21435,1
21436,5
21437,2
21438,0
21439,3
21440,0
21441,1
21442,2
21443,5
21444,1
21445,1
21446,3
21447,6
21448,0
21449,2
21450,5
21451,5
21452,2
21453,1
21454,4
21455,5
21456,1
21457,6
21458,0
21459,3
21460,1
21461,3
21462,3
21463,0
21464,5
21465,1
21466,2
21467,6
21468,1
21469,3
21470,0
21471,2
21472,2
21473,6
21474,1
21475,3
21476,1
21477,4
21478,2
21479,3
21480,2
21481,4
21482,2
21483,0
21484,0
21485,5
21486,0
21487,6
21488,3
21489,5
21490,0
21491,2
21492,2
21493,5
21494,6
21495,5
21496,5
21497,1
21498,1
21499,6
21500,0
21501,2
21502,3
21503,4
21504,2
21505,3
21506,3
21507,6
21508,4
21509,1
21510,2
21511,6
21512,1
21513,2
21514,0
21515,1
21516,5
21517,5
21518,1
21519,5
21520,0
21521,1
21522,1
21523,3
21524,5
21525,3
21526,2
21527,0
21528,1
21529,1
21530,6
21531,2
21532,6
21533,1
21534,0
21535,5
21536,4
21537,2
21538,0
21539,1
21540,3
21541,3
21542,3
21543,3
21544,2
21545,5
21546,5
21547,0
21548,1
21549,4
21550,5
21551,2
21552,2
21553,5
21554,2
21555,1
21556,5
21557,0
21558,3
21559,1
21560,4
21561,0
21562,1
21563,5
21564,5
21565,4
21566,5
21567,1
21568,2
21569,6
21570,1
21571,1
21572,6
21573,0
21574,4
21575,5
21576,1
21577,0
21578,3
21579,5
21580,5
21581,5
21582,2
21583,4
21584,3
21585,4
21586,2
21587,2
21588,5
21589,2
21590,0
21591,0
21592,6
21593,6
21594,0
21595,1
21596,2
21597,3
21598,3
21599,4
21600,1
21601,2
21602,5
21603,2
21604,0
21605,1
21606,4
21607,5
21608,2
21609,4
21610,2
21611,6
21612,1
21613,5
21614,1
21615,0
21616,0
21617,3
21618,0
21619,2
21620,0
21621,3
21622,1
21623,1
21624,6
21625,5
21626,5
21627,1
21628,4
21629,4
21630,2
21631,4
21632,1
21633,3
21634,3
21635,1
21636,4
21637,1
21638,5
21639,4
21640,6
21641,1
21642,1
21643,4
21644,3
21645,3
21646,5
21647,4
21648,2
21649,6
21650,0
21651,0
21652,5
21653,1
21654,4
21655,4
21656,2
21657,3
21658,6
21659,3
21660,2
21661,4
21662,3
21663,4
21664,3
21665,5
21666,5
21667,1
21668,6
21669,5
21670,0
21671,0
21672,0
21673,2
21674,0
21675,3
21676,1
21677,5
21678,0
21679,3
21680,2
21681,2
21682,3
21683,6
21684,2
21685,6
21686,3
21687,2
21688,1
21689,6
21690,4
21691,1
21692,3
21693,5
21694,2
21695,4
21696,0
21697,6
21698,2
21699,5
21700,5
21701,1
21702,2
21703,6
21704,6
21705,1
21706,6
21707,0
21708,0
21709,5
21710,1
21711,0
21712,6
21713,4
21714,1
21715,5
21716,4
21717,2
21718,0
21719,1
21720,2
21721,1
21722,1
21723,6
21724,1
21725,5
21726,2
21727,2
21728,2
21729,4
21730,2
21731,3
21732,1
21733,1
21734,3
21735,6
21736,0
21737,4
21738,6
21739,5
21740,6
21741,6
21742,3
21743,4
21744,6
21745,6
21746,2
21747,1
21748,1
21749,5
21750,0
21751,1
21752,4
21753,1
21754,1
21755,5
21756,1
21757,2
21758,1
21759,5
21760,3
21761,5
21762,1
21763,5
21764,4
21765,2
21766,1
21767,1
21768,6
21769,4
21770,0
21771,3
21772,0
21773,2
21774,0
21775,0
21776,3
21777,5
21778,0
21779,4
21780,6
21781,4
21782,5
21783,0
21784,0
21785,5
21786,4
21787,6
21788,3
21789,2
21790,4
21791,2
21792,3
21793,6
21794,5
21795,0
21796,4
21797,4
21798,1
21799,6
21800,4
21801,1
21802,1
21803,2
21804,1
21805,2
21806,3
21807,6
21808,1
21809,0
21810,0
21811,5
21812,3
21813,6
21814,3
21815,5
21816,2
21817,6
21818,4
21819,0
21820,1
21821,3
21822,2
21823,3
21824,3
21825,3
21826,0
21827,5
21828,2
21829,1
21830,2
21831,0
21832,0
21833,1
21834,0
21835,1
21836,4
21837,6
21838,4
21839,5
21840,2
21841,6
21842,1
21843,6
21844,3
21845,1
21846,5
21847,3
21848,2
21849,0
21850,0
21851,0
21852,3
21853,2
21854,2
21855,2
21856,2
21857,4
21858,6
21859,0
21860,0
21861,1
21862,4
21863,4
21864,2
21865,2
21866,2
21867,5
21868,1
21869,3
21870,3
21871,5
21872,2
21873,5
21874,4
21875,0
21876,3
21877,4
21878,3
21879,6
21880,3
21881,3
21882,0
21883,6
21884,3
21885,1
21886,0
21887,6
21888,2
21889,2
21890,4
21891,3
21892,2
21893,6
21894,2
21895,1
21896,4
21897,1
21898,2
21899,6
21900,1
21901,3
21902,2
21903,6
21904,2
21905,4
21906,1
21907,2
21908,2
21909,6
21910,2
21911,0
21912,4
21913,0
21914,6
21915,2
21916,2
21917,3
21918,3
21919,6
21920,0
21921,2
21922,1
21923,4
21924,0
21925,0
21926,0
21927,4
21928,1
21929,2
21930,2
21931,4
21932,1
21933,3
21934,4
21935,5
21936,5
21937,3
21938,1
21939,0
21940,0
21941,4
21942,1
21943,3
21944,5
21945,0
21946,3
21947,5
21948,2
21949,5
21950,2
21951,5
21952,5
21953,6
21954,2
21955,2
21956,3
21957,5
21958,3
21959,0
21960,4
21961,2
21962,4
21963,4
21964,4
21965,0
21966,1
21967,0
21968,5
21969,2
21970,5
21971,6
21972,5
21973,0
21974,2
21975,4
21976,2
21977,6
21978,5
21979,5
21980,3
21981,5
21982,3
21983,1
21984,0
21985,2
21986,2
21987,4
21988,0
21989,4
21990,3
21991,5
21992,5
21993,6
21994,2
21995,1
21996,1
21997,1
21998,0
21999,0
22000,3
22001,4
22002,6
22003,2
22004,2
22005,0
22006,1
22007,0
22008,2
22009,1
22010,3
22011,2
22012,0
22013,3
22014,2
22015,0
22016,6
22017,6
22018,6
22019,2
22020,4
22021,5
22022,1
22023,4
22024,4
22025,2
22026,3
22027,4
22028,6
22029,4
22030,0
22031,0
22032,6
22033,2
22034,5
22035,6
22036,0
22037,2
22038,5
22039,5
22040,3
22041,3
22042,4
22043,6
22044,6
22045,1
22046,4
22047,0
22048,2
22049,2
22050,4
22051,3
22052,6
22053,3
22054,5
22055,5
22056,4
22057,5
22058,3
22059,1
22060,0
22061,1
22062,1
22063,1
22064,5
22065,5
22066,5
22067,4
22068,5
22069,0
22070,0
22071,5
22072,6
22073,1
22074,1
22075,6
22076,4
22077,4
22078,1
22079,6
22080,4
22081,5
22082,5
22083,4
22084,6
22085,6
22086,5
22087,0
22088,3
22089,1
22090,2
22091,6
22092,4
22093,0
22094,5
22095,1
22096,2
22097,5
22098,1
22099,3
22100,1
22101,1
22102,6
22103,2
22104,4
22105,2
22106,0
22107,4
22108,5
22109,3
22110,6
22111,2
22112,5
22113,2
22114,6
22115,0
22116,4
22117,0
22118,3
22119,4
22120,4
22121,3
22122,1
22123,0
22124,5
22125,1
22126,1
22127,3
22128,1
22129,5
22130,3
22131,4
22132,1
22133,6
22134,3
22135,2
22136,5
22137,4
22138,4
22139,1
22140,6
22141,5
22142,6
22143,2
22144,4
22145,0
22146,4
22147,6
22148,6
22149,1
22150,0
22151,3
22152,6
22153,2
22154,1
22155,6
22156,0
22157,4
22158,5
22159,0
22160,1
22161,3
22162,6
22163,4
22164,0
22165,2
22166,4
22167,2
22168,2
22169,6
22170,5
22171,4
22172,3
22173,1
22174,4
22175,0
22176,6
22177,5
22178,4
22179,3
22180,5
22181,1
22182,1
22183,0
22184,2
22185,2
22186,4
22187,2
22188,2
22189,0
22190,2
22191,5
22192,6
22193,0
22194,0
22195,4
22196,4
22197,3
22198,5
22199,1
22200,4
22201,1
22202,3
22203,0
22204,6
22205,4
22206,3
22207,1
22208,0
22209,5
22210,6
22211,3
22212,4
22213,6
22214,0
22215,2
22216,4
22217,0
22218,3
22219,3
22220,6
22221,4
22222,6
22223,0
22224,1
22225,1
22226,1
22227,6
22228,3
22229,4
22230,2
22231,4
22232,0
22233,2
22234,6
22235,5
22236,1
22237,4
22238,1
22239,3
22240,1
22241,3
22242,3
22243,3
22244,3
22245,0
22246,0
22247,1
22248,2
22249,0
22250,6
22251,1
22252,3
22253,2
22254,6
22255,6
22256,6
22257,3
22258,5
22259,6
22260,3
22261,6
22262,6
22263,1
22264,6
22265,1
22266,3
22267,6
22268,1
22269,3
22270,6
22271,4
22272,6
22273,5
22274,2
22275,1
22276,2
22277,6
22278,4
22279,1
22280,3
22281,1
22282,3
22283,5
22284,6
22285,3
22286,1
22287,0
22288,0
22289,2
22290,3
22291,2
22292,3
22293,2
22294,4
22295,4
22296,6
22297,3
22298,1
22299,6
22300,0
22301,2
22302,5
22303,2
22304,5
22305,2
22306,2
22307,5
22308,3
22309,0
22310,3
22311,1
22312,1
22313,5
22314,3
22315,0
22316,2
22317,0
22318,3
22319,5
22320,5
22321,1
22322,3
22323,5
22324,2
22325,2
22326,0
22327,3
22328,0
22329,6
22330,5
22331,0
22332,6
22333,5
22334,3
22335,3
22336,4
22337,2
22338,4
22339,0
22340,4
22341,0
22342,1
22343,2
22344,3
22345,1
22346,1
22347,1
22348,5
22349,4
22350,4
22351,4
22352,6
22353,6
22354,1
22355,0
22356,6
22357,1
22358,5
22359,0
22360,2
22361,0
22362,2
22363,2
22364,5
22365,4
22366,5
22367,1
22368,1
22369,1
22370,1
22371,4
22372,0
22373,1
22374,5
22375,5
22376,1
22377,3
22378,6
22379,0
22380,0
22381,1
22382,5
22383,2
22384,4
22385,5
22386,3
22387,4
22388,3
22389,4
22390,2
22391,4
22392,6
22393,0
22394,5
22395,2
22396,0
22397,4
22398,1
22399,0
22400,3
22401,0
22402,5
22403,5
22404,5
22405,5
22406,2
22407,4
22408,0
22409,5
22410,4
22411,1
22412,3
22413,0
22414,0
22415,5
22416,3
22417,3
22418,0
22419,5
22420,2
22421,2
22422,2
22423,4
22424,3
22425,2
22426,1
22427,0
22428,0
22429,1
22430,5
22431,1
22432,3
22433,1
22434,3
22435,0
22436,1
22437,3
22438,2
22439,1
22440,1
22441,2
22442,3
22443,4
22444,2
22445,6
22446,0
22447,3
22448,4
22449,5
22450,2
22451,5
22452,0
22453,5
22454,5
22455,4
22456,2
22457,3
22458,2
22459,2
22460,5
22461,1
22462,2
22463,3
22464,2
22465,6
22466,6
22467,3
22468,0
22469,0
22470,1
22471,6
22472,4
22473,6
22474,6
22475,3
22476,6
22477,3
22478,1
22479,6
22480,5
22481,3
22482,4
22483,1
22484,3
22485,4
22486,3
22487,2
22488,5
22489,6
22490,2
22491,3
22492,6
22493,6
22494,4
22495,5
22496,5
22497,2
22498,6
22499,1
22500,1
22501,1
22502,5
22503,1
22504,5
22505,1
22506,6
22507,0
22508,3
22509,4
22510,4
22511,4
22512,2
22513,0
22514,2
22515,4
22516,6
22517,6
22518,3
22519,0
22520,6
22521,1
22522,4
22523,3
22524,3
22525,5
22526,4
22527,3
22528,0
22529,6
22530,4
22531,3
22532,4
22533,4
22534,2
22535,3
22536,1
22537,6
22538,6
22539,0
22540,6
22541,1
22542,5
22543,5
22544,6
22545,1
22546,1
22547,6
22548,2
22549,2
22550,3
22551,0
22552,6
22553,6
22554,3
22555,3
22556,1
22557,5
22558,3
22559,5
22560,6
22561,5
22562,5
22563,0
22564,5
22565,2
22566,0
22567,4
22568,6
22569,1
22570,6
22571,1
22572,1
22573,4
22574,2
22575,3
22576,3
22577,1
22578,4
22579,1
22580,1
22581,1
22582,0
22583,4
22584,0
22585,1
22586,2
22587,5
22588,1
22589,6
22590,3
22591,1
22592,6
22593,5
22594,0
22595,6
22596,5
22597,1
22598,3
22599,3
22600,1
22601,2
22602,2
22603,6
22604,0
22605,0
22606,5
22607,4
22608,3
22609,4
22610,3
22611,2
22612,6
22613,4
22614,3
22615,2
22616,0
22617,4
22618,3
22619,2
22620,2
22621,3
22622,0
22623,1
22624,3
22625,3
22626,4
22627,5
22628,5
22629,1
22630,6
22631,5
22632,3
22633,1
22634,1
22635,5
22636,6
22637,0
22638,4
22639,3
22640,2
22641,1
22642,1
22643,3
22644,4
22645,6
22646,3
22647,3
22648,6
22649,4
22650,0
22651,2
22652,1
22653,3
22654,5
22655,5
22656,0
22657,4
22658,4
22659,2
22660,2
22661,6
22662,5
22663,2
22664,4
22665,5
22666,5
22667,6
22668,3
22669,3
22670,6
22671,1
22672,5
22673,0
22674,3
22675,5
22676,6
22677,3
22678,2
22679,1
22680,6
22681,6
22682,0
22683,0
22684,5
22685,5
22686,0
22687,5
22688,5
22689,6
22690,5
22691,0
22692,0
22693,3
22694,4
22695,2
22696,2
22697,5
22698,5
22699,0
22700,2
22701,5
22702,1
22703,3
22704,1
22705,2
22706,0
22707,5
22708,6
22709,0
22710,3
22711,5
22712,5
22713,0
22714,4
22715,4
22716,0
22717,4
22718,0
22719,4
22720,3
22721,2
22722,6
22723,1
22724,3
22725,5
22726,2
22727,1
22728,6
22729,5
22730,2
22731,6
22732,1
22733,3
22734,1
22735,2
22736,1
22737,5
22738,0
22739,5
22740,4
22741,6
22742,0
22743,0
22744,0
22745,2
22746,6
22747,4
22748,2
22749,4
22750,2
22751,5
22752,5
22753,0
22754,1
22755,4
22756,5
22757,0
22758,5
22759,4
22760,1
22761,4
22762,5
22763,2
22764,2
22765,4
22766,0
22767,6
22768,4
22769,4
22770,4
22771,4
22772,2
22773,3
22774,0
22775,0
22776,1
22777,1
22778,4
22779,5
22780,2
22781,1
22782,6
22783,2
22784,5
22785,2
22786,4
22787,0
22788,4
22789,1
22790,4
22791,0
22792,4
22793,1
22794,3
22795,1
22796,2
22797,1
22798,0
22799,1
22800,5
22801,5
22802,3
22803,2
22804,4
22805,4
22806,2
22807,4
22808,2
22809,5
22810,2
22811,2
22812,4
22813,3
22814,1
22815,4
22816,2
22817,6
22818,2
22819,1
22820,3
22821,2
22822,3
22823,2
22824,4
22825,1
22826,3
22827,6
22828,6
22829,6
22830,6
22831,1
22832,1
22833,5
22834,5
22835,5
22836,0
22837,0
22838,4
22839,3
22840,3
22841,5
22842,4
22843,2
22844,1
22845,2
22846,5
22847,3
22848,0
22849,4
22850,1
22851,4
22852,3
22853,0
22854,6
22855,4
22856,2
22857,2
22858,1
22859,5
22860,2
22861,0
22862,3
22863,1
22864,2
22865,2
22866,2
22867,2
22868,2
22869,4
22870,1
22871,6
22872,6
22873,4
22874,1
22875,6
22876,3
22877,0
22878,5
22879,6
22880,6
22881,0
22882,4
22883,3
22884,6
22885,0
22886,2
22887,0
22888,5
22889,4
22890,3
22891,0
22892,1
22893,3
22894,0
22895,1
22896,6
22897,5
22898,6
22899,6
22900,1
22901,0
22902,0
22903,4
22904,0
22905,6
22906,6
22907,0
22908,4
22909,3
22910,5
22911,1
22912,3
22913,6
22914,2
22915,2
22916,1
22917,3
22918,1
22919,3
22920,5
22921,2
22922,5
22923,2
22924,1
22925,1
22926,1
22927,6
22928,2
22929,3
22930,2
22931,6
22932,6
22933,3
22934,2
22935,5
22936,5
22937,1
22938,6
22939,1
22940,1
22941,5
22942,5
22943,2
22944,0
22945,0
22946,6
22947,6
22948,2
22949,0
22950,0
22951,2
22952,6
22953,2
22954,6
22955,6
22956,6
22957,2
22958,4
22959,3
22960,3
22961,3
22962,6
22963,2
22964,6
22965,2
22966,2
22967,5
22968,4
22969,1
22970,5
22971,2
22972,2
22973,4
22974,0
22975,4
22976,4
22977,2
22978,0
22979,5
22980,0
22981,0
22982,5
22983,2
22984,6
22985,1
22986,4
22987,1
22988,1
22989,3
22990,4
22991,5
22992,2
22993,4
22994,6
22995,5
22996,3
22997,2
22998,4
22999,4
23000,6
23001,1
23002,3
23003,1
23004,5
23005,1
23006,1
23007,2
23008,4
23009,6
23010,2
23011,0
23012,6
23013,0
23014,4
23015,6
23016,2
23017,0
23018,1
23019,1
23020,0
23021,6
23022,4
23023,0
23024,6
23025,6
23026,6
23027,1
23028,1
23029,3
23030,5
23031,2
23032,2
23033,0
23034,1
23035,2
23036,6
23037,5
23038,1
23039,0
23040,2
23041,1
23042,4
23043,0
23044,0
23045,6
23046,6
23047,0
23048,0
23049,6
23050,3
23051,1
23052,6
23053,4
23054,6
23055,1
23056,1
23057,1
23058,5
23059,3
23060,5
23061,4
23062,0
23063,2
23064,3
23065,3
23066,2
23067,4
23068,5
23069,0
23070,3
23071,6
23072,1
23073,4
23074,6
23075,2
23076,5
23077,0
23078,4
23079,6
23080,2
23081,0
23082,3
23083,4
23084,2
23085,2
23086,4
23087,2
23088,6
23089,5
23090,3
23091,4
23092,6
23093,4
23094,4
23095,0
23096,2
23097,2
23098,1
23099,6
23100,6
23101,3
23102,3
23103,1
23104,5
23105,1
23106,2
23107,0
23108,6
23109,4
23110,0
23111,0
23112,5
23113,4
23114,0
23115,6
23116,4
23117,2
23118,0
23119,4
23120,5
23121,6
23122,5
23123,1
23124,4
23125,4
23126,2
23127,1
23128,3
23129,0
23130,0
23131,5
23132,2
23133,6
23134,0
23135,6
23136,3
23137,6
23138,5
23139,3
23140,0
23141,0
23142,4
23143,5
23144,0
23145,6
23146,2
23147,3
23148,5
23149,1
23150,4
23151,3
23152,0
23153,6
23154,4
23155,2
23156,1
23157,3
23158,5
23159,1
23160,6
23161,1
23162,1
23163,5
23164,4
23165,3
23166,2
23167,6
23168,4
23169,3
23170,3
23171,3
23172,5
23173,3
23174,6
23175,2
23176,1
23177,6
23178,4
23179,5
23180,0
23181,0
23182,5
23183,4
23184,1
23185,0
23186,1
23187,3
23188,2
23189,2
23190,0
23191,3
23192,0
23193,4
23194,0
23195,5
23196,6
23197,2
23198,4
23199,5
23200,3
23201,4
23202,4
23203,2
23204,4
23205,0
23206,1
23207,4
23208,1
23209,2
23210,3
23211,6
23212,0
23213,0
23214,0
23215,5
23216,0
23217,1
23218,4
23219,3
23220,0
23221,4
23222,5
23223,0
23224,4
23225,0
23226,4
23227,6
23228,0
23229,2
23230,1
23231,2
23232,1
23233,4
23234,4
23235,3
23236,3
23237,0
23238,0
23239,4
23240,5
23241,4
23242,2
23243,4
23244,5
23245,6
23246,1
23247,5
23248,5
23249,1
23250,5
23251,6
23252,3
23253,2
23254,2
23255,4
23256,5
23257,3
23258,1
23259,1
23260,1
23261,5
23262,3
23263,0
23264,3
23265,0
23266,6
23267,4
23268,1
23269,2
23270,5
23271,5
23272,5
23273,3
23274,3
23275,0
23276,1
23277,2
23278,0
23279,5
23280,6
23281,4
23282,2
23283,2
23284,5
23285,1
23286,3
23287,1
23288,6
23289,2
23290,4
23291,2
23292,0
23293,0
23294,0
23295,2
23296,5
23297,2
23298,0
23299,3
23300,3
23301,4
23302,5
23303,3
23304,2
23305,2
23306,0
23307,2
23308,5
23309,2
23310,2
23311,6
23312,2
23313,5
23314,3
23315,0
23316,4
23317,2
23318,1
23319,3
23320,6
23321,4
23322,3
23323,1
23324,0
23325,6
23326,4
23327,3
23328,5
23329,4
23330,3
23331,5
23332,2
23333,4
23334,0
23335,3
23336,1
23337,2
23338,4
23339,3
23340,3
23341,0
23342,1
23343,4
23344,3
23345,5
23346,4
23347,5
23348,6
23349,3
23350,2
23351,0
23352,2
23353,3
23354,1
23355,6
23356,1
23357,2
23358,4
23359,1
23360,0
23361,6
23362,0
23363,5
23364,5
23365,0
23366,3
23367,3
23368,5
23369,6
23370,3
23371,5
23372,2
23373,5
23374,5
23375,0
23376,6
23377,1
23378,6
23379,6
23380,1
23381,6
23382,6
23383,2
23384,6
23385,3
23386,4
23387,1
23388,1
23389,0
23390,5
23391,0
23392,2
23393,4
23394,0
23395,0
23396,1
23397,1
23398,1
23399,2
23400,6
23401,3
23402,6
23403,4
23404,6
23405,3
23406,0
23407,4
23408,1
23409,3
23410,1
23411,4
23412,5
23413,4
23414,0
23415,1
23416,6
23417,1
23418,0
23419,3
23420,2
23421,0
23422,2
23423,2
23424,3
23425,4
23426,3
23427,1
23428,3
23429,4
23430,4
23431,0
23432,1
23433,0
23434,5
23435,3
23436,4
23437,0
23438,2
23439,1
23440,2
23441,1
23442,6
23443,4
23444,6
23445,5
23446,6
23447,1
23448,0
23449,3
23450,6
23451,2
23452,5
23453,6
23454,3
23455,2
23456,1
23457,2
23458,5
23459,2
23460,4
23461,6
23462,4
23463,0
23464,4
23465,0
23466,3
23467,2
23468,6
23469,5
23470,4
23471,5
23472,1
23473,5
23474,5
23475,0
23476,2
23477,4
23478,2
23479,0
23480,0
23481,5
23482,3
23483,3
23484,5
23485,6
23486,0
23487,3
23488,3
23489,4
23490,0
23491,3
23492,4
23493,1
23494,0
23495,3
23496,5
23497,6
23498,2
23499,2
23500,0
23501,3
23502,2
23503,6
23504,5
23505,2
23506,1
23507,4
23508,6
23509,5
23510,4
23511,4
23512,4
23513,3
23514,1
23515,6
23516,0
23517,1
23518,1
23519,6
23520,5
23521,0
23522,6
23523,2
23524,0
23525,2
23526,0
23527,6
23528,4
23529,1
23530,1
23531,5
23532,5
23533,4
23534,0
23535,0
23536,2
23537,3
23538,0
23539,5
23540,0
23541,6
23542,5
23543,1
23544,2
23545,1
23546,1
23547,3
23548,3
23549,0
23550,1
23551,0
23552,0
23553,6
23554,2
23555,1
23556,1
23557,2
23558,4
23559,1
23560,0
23561,6
23562,4
23563,2
23564,2
23565,4
23566,1
23567,4
23568,2
23569,2
23570,2
23571,2
23572,0
23573,3
23574,3
23575,5
23576,3
23577,5
23578,5
23579,0
23580,4
23581,4
23582,3
23583,4
23584,1
23585,0
23586,2
23587,3
23588,1
23589,5
23590,4
23591,3
23592,0
23593,4
23594,0
23595,4
23596,6
23597,1
23598,2
23599,2
23600,3
23601,1
23602,3
23603,5
23604,4
23605,4
23606,1
23607,6
23608,4
23609,3
23610,6
23611,2
23612,6
23613,5
23614,3
23615,6
23616,2
23617,0
23618,4
23619,2
23620,2
23621,6
23622,0
23623,3
23624,0
23625,3
23626,0
23627,0
23628,2
23629,2
23630,5
23631,3
23632,1
23633,3
23634,3
23635,2
23636,5
23637,2
23638,4
23639,4
23640,3
23641,0
23642,5
23643,1
23644,0
23645,0
23646,0
23647,2
23648,2
23649,0
23650,0
23651,1
23652,6
23653,2
23654,2
23655,2
23656,3
